{"errors":[],"warnings":[],"namedChunkGroups":{"app":{"chunks":[4,0,2,1],"assets":["webpack-runtime-bdd2c30bf6dcce80a34c.js","webpack-runtime-bdd2c30bf6dcce80a34c.js.map","styles.3eee2424e381276ef7ac.css","styles-1767379acd9d286a9faf.js","styles-1767379acd9d286a9faf.js.map","commons-329202a03147a6ec6737.js","commons-329202a03147a6ec6737.js.map","app-8913cd5935634a32a315.js","app-8913cd5935634a32a315.js.map"],"children":{},"childAssets":{}},"component---src-pages-index-js":{"chunks":[0,3],"assets":["styles.3eee2424e381276ef7ac.css","styles-1767379acd9d286a9faf.js","styles-1767379acd9d286a9faf.js.map","component---src-pages-index-js-3568aff4854d7758fbd9.js","component---src-pages-index-js-3568aff4854d7758fbd9.js.map"],"children":{},"childAssets":{}}},"assetsByChunkName":{"app":["webpack-runtime-bdd2c30bf6dcce80a34c.js","styles.3eee2424e381276ef7ac.css","styles-1767379acd9d286a9faf.js","commons-329202a03147a6ec6737.js","app-8913cd5935634a32a315.js"],"component---src-pages-index-js":["styles.3eee2424e381276ef7ac.css","styles-1767379acd9d286a9faf.js","component---src-pages-index-js-3568aff4854d7758fbd9.js"]}}