{"data":{"allWorkexperienceJson":{"edges":[{"node":{"id":"1d8de586-17b8-5848-a457-90d467abd82a","jobname":"Front End Developer","company":"w3schools.com","startdate":"Jan / 2015","enddate":"Current","description":"Lorem ipsum dolor sit amet. Praesentium magnam consectetur vel in deserunt aspernatur est reprehenderit sunt hic. Nulla tempora soluta ea et odio, unde doloremque repellendus iure, iste."}},{"node":{"id":"d42e8088-fba2-5da6-b2b5-86b483925702","jobname":"Web Developer","company":"something.com","startdate":"Mar / 2012","enddate":"Dez / 2014","description":"Lorem ipsum dolor sit amet. Praesentium magnam consectetur vel in deserunt aspernatur est reprehenderit sunt hic. Nulla tempora soluta ea et odio, unde doloremque repellendus iure, iste."}},{"node":{"id":"06cdc6ef-a4fd-51d4-b106-dab4cb9604a3","jobname":"Graphic Designer","company":"designsomething.com","startdate":"Fev / 2009","enddate":"Fev / 2012","description":"Lorem ipsum dolor sit amet. Praesentium magnam consectetur vel in deserunt aspernatur est reprehenderit sunt hic. Nulla tempora soluta ea et odio, unde doloremque repellendus iure, iste."}}]}}}