{"data":{"allWorkexperienceJson":{"edges":[{"node":{"id":"1d8de586-17b8-5848-a457-90d467abd82a","jobname":"Front End Developer","company":"w3schools.com","startdate":"Jan / 2015","enddate":"Current","description":"Lorem ipsum dolor sit amet. Praesentium magnam consectetur vel in deserunt aspernatur est reprehenderit sunt hic. Nulla tempora soluta ea et odio, unde doloremque repellendus iure, iste."}},{"node":{"id":"d42e8088-fba2-5da6-b2b5-86b483925702","jobname":"Web Developer","company":"something.com","startdate":"Mar / 2012","enddate":"Dez / 2014","description":"Lorem ipsum dolor sit amet. Praesentium magnam consectetur vel in deserunt aspernatur est reprehenderit sunt hic. Nulla tempora soluta ea et odio, unde doloremque repellendus iure, iste."}},{"node":{"id":"06cdc6ef-a4fd-51d4-b106-dab4cb9604a3","jobname":"Graphic Designer","company":"designsomething.com","startdate":"Fev / 2009","enddate":"Fev / 2012","description":"Lorem ipsum dolor sit amet. Praesentium magnam consectetur vel in deserunt aspernatur est reprehenderit sunt hic. Nulla tempora soluta ea et odio, unde doloremque repellendus iure, iste."}}]},"allEducationJson":{"edges":[{"node":{"id":"4ec20697-ba95-5098-8580-c1305f8ae561","jobname":"Project Management MBA","company":"Fundacao Getúlio Vargas","startdate":"2010","enddate":"","description":"Master in Business Administration"}},{"node":{"id":"47c96565-fd19-59f9-b13c-aaed86fc1707","jobname":"Information Systems","company":"Univag","startdate":"Jun / 2006","enddate":"Jun / 2010","description":"Bachelor degree"}},{"node":{"id":"833426e0-3fd5-5648-9207-054b4e0e2bf8","jobname":"System Development","company":"FIEMT","startdate":"2004","enddate":"2005","description":"Technical degree"}}]}}}